episode,ep_reward,success,path_length,motion_time
0,-20.000000000000014,0,200,0.016670942306518555
1,99.9,1,1,0.0003368854522705078
2,-20.000000000000014,0,200,0.015879154205322266
